vendor_id|vendor_name|vendor_status|vendor_persistence|vendor_type|created_on|created_by|status_last_updated_on
VD-0269|Cantu, Malik|Inactive|Permanent|employee|2004-11-24 10:20:42|u1645|2006-08-23 00:00:00
VD-0147|Watkins, Hayley|Inactive|Permanent|employee|2011-12-27 15:08:00|u0371|2013-08-29 00:00:00
VD-0310|Grok|To Be Archived|Regular|vendor|2010-10-25 12:16:52|u8204|2013-10-14 00:00:00
VD-0404|Time  Surf|To Be Archived|Permanent|vendor|2004-11-29 14:33:34|u1645|2005-09-19 00:00:00
VD-0422|Mcdaniel, Isabella|To Be Archived|Permanent|employee|2016-04-08 13:03:28|u4539|2016-09-02 12:57:35
VD-0465|Atkins, Adrienne|To Be Archived|Permanent|employee|2012-09-17 17:24:15|u8295|2013-01-25 00:00:00
VD-0190|Curry, Kameko|To Be Archived|Permanent|employee|2016-08-17 17:41:18|u8295|2016-08-23 12:33:31
VD-0107|Franks, Colin|Inactive|Permanent|employee|2010-08-11 11:04:45|u8204|2013-02-15 00:00:00
VD-0308|Hooper, Lee|To Be Archived|Permanent|employee|2011-06-06 14:59:36|u8204|2014-02-05 18:29:46
VD-0128|Jacobs, Gareth|To Be Archived|Permanent|employee|2009-12-28 10:04:00|u0371|2010-08-25 00:00:00
VD-0418|Maxwell, Dustin|To Be Archived|Permanent|employee|2015-07-20 15:04:16|u1645|2015-09-21 02:13:48
VD-0252|Time  Cupid|To Be Archived|Regular|vendor|2014-11-17 15:57:24|u8049|2015-11-18 00:00:00
VD-0067|Time  Hands|To Be Archived|Permanent|vendor|2011-10-24 16:46:53|u1584|2012-05-02 00:00:00
VD-0309|Roberts, Hunter|To Be Archived|Permanent|employee|2013-05-06 11:57:12|u8204|2014-10-02 20:30:34
VD-0004|Clayton, Clare|To Be Archived|Permanent|employee|2012-03-22 10:26:22|u8204|2013-11-26 00:00:00
VD-0472|Salazar, Kenneth|Inactive|Permanent|employee|2014-09-30 10:20:32|u1645|2015-12-02 00:00:00
VD-0556|Dodson, Portia|To Be Archived|Permanent|employee|2015-06-09 16:33:26|u8295|2016-12-15 00:00:00
VD-0440|Love, Shelley|To Be Archived|Permanent|employee|2013-10-28 10:43:33|u0371|2013-11-26 16:52:35
VD-0301|Reid, Zenia|Inactive|Permanent|employee|2007-03-05 09:08:20|u8204|2011-07-13 00:00:00
VD-0171|Catalyst Time|To Be Archived|Regular|vendor|2010-11-26 10:03:49|u1584|2013-02-08 00:00:00
VD-0092|Eleventh Hour Events Planning|Inactive|Regular|vendor|2013-03-15 14:43:28|u8204|2015-11-02 00:00:00
VD-0176|Cox, Abbot|Inactive|Permanent|employee|2006-03-10 15:18:53|u8204|2011-04-07 00:00:00
VD-0005|Summers, Louis|Inactive|Permanent|employee|2007-05-16 14:02:47|u1645|2009-12-09 00:00:00
VD-0471|Gilmore, Aspen|Inactive|Permanent|employee|2007-03-13 13:29:39|u8204|2015-08-06 00:00:00
VD-0450|Silva, Ralph|To Be Archived|Permanent|employee|2012-01-25 15:05:14|u1645|2015-02-02 02:18:28
VD-0319|Massey, Oleg|Inactive|Permanent|employee|2012-04-30 10:25:08|u8049|2015-04-07 00:00:00
VD-0053|Nicholson, Trevor|Inactive|Permanent|employee|2009-06-16 13:19:52|u8049|2013-05-10 00:00:00
VD-0113|Colon, Keefe|To Be Archived|Permanent|employee|2009-06-15 12:58:35|u1645|2010-07-27 00:00:00
VD-0114|Rhodes, Alyssa|To Be Archived|Permanent|employee|2008-01-14 11:47:26|u1645|2008-03-12 04:44:42
VD-0385|Hendrix, Constance|Inactive|Permanent|employee|2006-12-22 11:03:44|u1645|2012-02-28 00:00:00
VD-0258|Terry, Lance|To Be Archived|Permanent|employee|2010-12-30 11:37:44|u4539|2015-10-29 00:16:41
VD-0263|Riggs, Athena|To Be Archived|Permanent|employee|2013-07-10 14:22:43|u1584|2014-05-19 00:00:00
VD-0586|Mcfadden, Anjolie|To Be Archived|Regular|vendor|2004-04-20 09:10:03|u8204|2007-05-29 00:00:00
VD-0289|Stephenson, Elijah|To Be Archived|Permanent|employee|2013-03-20 15:14:40|u8295|2015-08-24 00:00:00
VD-0341|Guzman, Denton|To Be Archived|Permanent|employee|2014-01-03 14:15:07|u1645|2016-08-03 14:02:09
VD-0226|Anthony, Davis|To Be Archived|Permanent|employee|2011-12-20 15:29:12|u1584|2013-03-18 00:00:00
VD-0326|Curry, Glenna|Inactive|Permanent|employee|2002-07-01 14:53:00|u4386|2009-03-23 00:00:00
VD-0531|Time  Homepage|Inactive|Regular|vendor|2006-09-06 12:57:33|u1645|2007-04-13 00:00:00
VD-0177|Hobbs, Raja|Inactive|Permanent|employee|2013-06-03 13:15:54|u8049|2015-10-29 00:00:00
VD-0232|Zimmerman, Charde|To Be Archived|Permanent|employee|2014-01-20 16:58:36|u8204|2015-02-25 16:45:53
VD-0242|Rose, Zane|Inactive|Permanent|employee|2008-02-05 11:26:30|u1645|2014-03-26 00:00:00
VD-0168|Olson, Aaron|Inactive|Permanent|employee|2007-06-11 09:42:47|u4539|2008-01-14 00:00:00
VD-0179|Rodriquez, Yen|To Be Archived|Permanent|employee|2012-12-10 17:36:06|u8295|2015-09-14 00:00:00
VD-0154|Haynes, Myra|To Be Archived|Permanent|employee|2013-06-17 09:12:41|u0371|2015-08-24 00:00:00
VD-0508|Sexton, Echo|Inactive|Permanent|employee|2005-08-08 16:47:41|u0371|2006-06-20 00:00:00
VD-0338|Harper, Haviva|To Be Archived|Permanent|employee|2011-04-04 12:51:19|u1584|2014-07-21 00:00:00
VD-0350|Franklin, Jameson|Inactive|Permanent|employee|2003-07-28 11:51:00|u4386|2006-01-05 00:00:00
VD-0578|Sims, Igor|Approved|Permanent|vendor|2007-12-11 09:50:27|u8049|2007-12-13 00:00:00
VD-0238|Berry, Melodie|Inactive|Permanent|employee|2009-02-18 11:26:21|u8204|2013-03-20 00:00:00
VD-0194|Schwartz, Cody|Inactive|Permanent|employee|2011-07-27 10:00:26|u1584|2014-01-30 00:00:00
VD-0181|Prospect Time|Inactive|Regular|vendor|2012-11-26 13:48:27|u8295|2013-02-01 00:00:00
VD-0091|Stafford, Jameson|To Be Archived|Permanent|employee|2011-06-14 10:18:28|u1645|2013-02-14 13:31:35
VD-0265|Burnett, Allegra|To Be Archived|Permanent|employee|2006-10-30 12:32:06|u4539|2007-02-22 00:00:00
VD-0459|Rice, Orlando|Inactive|Permanent|employee|2009-10-30 13:51:32|u8049|2014-10-13 00:00:00
VD-0510|Quinn, Robin|To Be Archived|Permanent|employee|2013-05-24 11:46:46|u8049|2014-11-08 06:49:01
VD-0136|Jacobs, Maggy|Inactive|Permanent|employee|2004-10-06 09:02:00|u4386|2009-12-29 00:00:00
VD-0027|First Class|Approved|Regular|vendor|2011-11-09 12:25:03|u0371|2011-11-14 00:00:00
VD-0102|Santiago, Emery|Inactive|Permanent|employee|2006-01-20 12:36:11|u4539|2014-01-16 00:00:00
VD-0110|Salas, Tate|To Be Archived|Permanent|employee|2014-07-17 17:29:01|u8049|2015-02-14 07:44:43
VD-0351|Trevino, Leroy|Inactive|Permanent|employee|2010-06-10 09:06:00|u8070|2012-11-28 00:00:00
VD-0359|Leica Geosystems|active|Regular|vendor|2015-03-17 22:55:21|u8284|2015-03-17 22:55:21
VD-0382|Rhodes, Xander|To Be Archived|Permanent|employee|2015-08-13 10:03:50|u0371|2016-03-07 00:00:00
VD-0014|Exotechno|Inactive|Regular|vendor|2010-11-29 09:09:41|u1584|2011-08-08 00:00:00
VD-0180|Bender, Jordan|To Be Archived|Permanent|employee|2012-12-05 16:39:34|u1584|2013-03-01 00:00:00
VD-0264|Rodriguez, Tiger|Inactive|Permanent|employee|2006-10-13 09:53:00|u5119|2011-03-03 00:00:00
VD-0361|Grimes, Kyla|Inactive|Permanent|employee|2010-12-13 14:50:12|u1584|2014-02-07 00:00:00
VD-0175|Pacheco, Lareina|To Be Archived|Permanent|employee|2016-05-06 17:56:45|u4539|2016-10-12 02:49:33
VD-0498|Bartlett, Tallulah|To Be Archived|Permanent|employee|2015-08-25 15:27:45|u8049|2016-09-28 00:00:00
VD-0292|Garza, Silas|Inactive|Permanent|employee|2002-07-01 12:03:00|u4386|2006-01-20 00:00:00
VD-0331|Rodriguez, Sade|Approved|Permanent|employee|2009-01-23 15:43:03|u1645|2009-01-23 15:43:03
VD-0274|Carpenter, Randall|To Be Archived|Permanent|employee|2012-11-09 14:56:41|u0371|2016-01-23 08:16:40
VD-0356|Durham, Mannix|To Be Archived|Permanent|employee|2009-03-09 12:17:04|u8204|2012-02-09 00:00:00
VD-0297|Webster, Jena|To Be Archived|Permanent|employee|2016-11-29 17:07:28|u1584|2016-12-20 22:49:42
VD-0526|Zytrex|Approved|Permanent|vendor|2011-11-14 13:54:59|u1584|2011-11-16 00:00:00
VD-0063|Mcleod, Sebastian|To Be Archived|Permanent|employee|2016-05-12 09:59:26|u1584|2016-05-28 09:04:13
VD-0138|Dickson, Emerson|To Be Archived|Permanent|employee|2013-03-12 12:33:53|u1645|2015-05-18 00:00:00
VD-0141|Technoracks|Approved|Regular|vendor|2011-01-03 09:30:02|u1584|2011-01-05 00:00:00
VD-0488|Frank, Dexter|To Be Archived|Permanent|employee|2012-12-04 09:17:08|u8204|2014-03-11 01:39:56
VD-0436|Pollard, Knox|To Be Archived|Permanent|employee|2009-04-29 17:45:50|u8049|2011-10-24 00:00:00
VD-0415|NorthStar Time|Approved|Permanent|vendor|2012-01-26 15:00:07|u1645|2012-01-30 00:00:00
VD-0470|Baldwin, April|To Be Archived|Permanent|employee|2015-05-28 10:29:27|u4539|2016-09-21 08:13:36
VD-0537|Randolph, Kellie|Inactive|Permanent|employee|2005-10-26 11:47:49|u4539|2007-12-18 00:00:00
VD-0369|Duffy, Shad|To Be Archived|Permanent|employee|2014-10-02 14:45:12|u8049|2016-11-11 00:00:00
VD-0251|District Time|To Be Archived|Permanent|vendor|2007-11-19 11:28:23|u8204|2010-05-31 00:00:00
VD-0524|Vaughn, Basil|To Be Archived|Permanent|employee|2013-07-31 13:01:54|u4539|2016-11-12 10:48:16
VD-0505|Raymond, Vance|To Be Archived|Permanent|employee|2013-12-12 13:02:35|u8295|2014-09-26 00:00:00
VD-0358|Randall, Timon|Inactive|Permanent|employee|2006-08-14 11:46:11|u4539|2009-09-10 00:00:00
VD-0401|Sheppard, Yoshio|To Be Archived|Permanent|employee|2014-04-22 09:38:59|u8295|2017-01-01 00:00:00
VD-0475|York, Rudyard|Inactive|Permanent|employee|2002-07-01 10:18:00|u4386|2009-08-06 00:00:00
VD-0219|Holman, Paula|Inactive|Permanent|employee|2004-03-05 09:11:00|u4386|2010-11-19 00:00:00
VD-0150|Howard, Caldwell|To Be Archived|Permanent|employee|2008-07-30 14:53:26|u8049|2009-03-26 00:00:00
VD-0240|Maldonado, Cole|To Be Archived|Permanent|employee|2008-11-24 13:31:28|u1645|2010-11-01 00:00:00
VD-0224|Morrison, Brent|To Be Archived|Permanent|employee|2012-06-21 15:30:46|u4539|2012-06-21 00:43:53
VD-0435|Jensen, Rigel|Inactive|Permanent|employee|2004-08-18 11:19:00|u4386|2009-02-05 00:00:00
VD-0395|Webb, Cameron|To Be Archived|Permanent|employee|2014-05-07 09:06:53|u8204|2014-12-15 00:00:00
VD-0268|Ayala, Linus|To Be Archived|Permanent|employee|2016-11-11 16:19:19|u1645|2016-12-22 05:41:21
VD-0486|Knight, Ignatius|To Be Archived|Permanent|employee|2011-02-07 10:56:28|u1584|2014-08-05 00:00:00
VD-0192|Fisher, Damon|To Be Archived|Permanent|employee|2012-09-27 12:19:39|u8204|2014-03-20 00:00:00
VD-0079|Golden, Elvis|To Be Archived|Permanent|employee|2010-07-05 16:26:06|u1645|2011-01-20 00:00:00
VD-0448|Schroeder, Jordan|To Be Archived|Permanent|employee|2012-08-13 12:36:26|u1645|2014-11-12 00:00:00
VD-0483|Lewis, Shelly|To Be Archived|Permanent|employee|2011-07-19 15:14:43|u8049|2013-07-08 00:00:00
VD-0476|Lucas, Jonah|To Be Archived|Permanent|employee|2014-02-10 12:17:13|u8295|2016-01-14 00:00:00
VD-0384|Barnett, Lael|Inactive|Permanent|employee|2011-03-21 14:37:33|u1645|2013-12-02 00:00:00
VD-0208|Hanson, Giacomo|Inactive|Permanent|employee|2009-07-17 13:52:26|u8204|2012-09-05 00:00:00
VD-0557|Fowler, Leonard|To Be Archived|Permanent|employee|2016-11-23 11:30:52|u0371|2016-11-30 14:03:40
VD-0286|Garcia, Marcia|Inactive|Permanent|employee|2005-02-01 13:46:00|u4386|2010-04-09 00:00:00
VD-0134|Morton, Carla|Inactive|Permanent|employee|2012-11-09 13:31:48|u8295|2016-02-26 00:00:00
VD-0145|Morrison, Brian|Inactive|Permanent|employee|2011-04-11 16:15:41|u1584|2014-05-12 00:00:00
VD-0220|Daugherty, Blake|To Be Archived|Permanent|employee|2014-10-21 12:50:08|u4539|2014-11-24 12:53:32
VD-0335|Barnett, Blossom|Inactive|Permanent|employee|2007-03-20 16:59:00|u5119|2010-06-03 00:00:00
VD-0521|NextTime|Approved|Regular|vendor|2011-07-29 11:22:48|u1584|2011-08-02 00:00:00
VD-0388|Goodwin, John|To Be Archived|Permanent|employee|2011-12-15 11:59:08|u8204|2012-01-04 10:01:44
VD-0355|Time  Comparison|Approved|Permanent|vendor|2006-07-10 09:15:39|u4539|2006-07-12 00:00:00
VD-0327|Fernandez, Keegan|Inactive|Permanent|employee|2011-06-10 13:11:15|u1584|2011-10-27 00:00:00
VD-0555|Wynn, Noel|Inactive|Permanent|employee|2007-02-20 16:28:12|u4539|2016-05-02 00:00:00
VD-0294|Alston, Jesse|To Be Archived|Permanent|employee|2009-11-16 16:12:53|u0371|2012-02-16 00:00:00
VD-0071|Villarreal, Dustin|To Be Archived|Permanent|employee|2013-03-18 12:55:13|u8049|2016-04-11 00:00:00
VD-0143|Griffith, Chaim|To Be Archived|Permanent|employee|2013-11-29 13:53:03|u8049|2014-10-16 00:00:00
VD-0534|Hatfield, Stephanie|Inactive|Permanent|employee|2005-03-31 13:35:03|u1645|2010-11-03 00:00:00
VD-0573|Goodman, Colorado|Approved|Permanent|vendor|2004-11-29 10:46:43|u0371|2004-12-03 00:00:00
VD-0042|Barber, Austin|To Be Archived|Permanent|employee|2010-12-13 09:38:26|u0371|2011-06-19 00:18:55
VD-0139|Sparks, Clinton|To Be Archived|Permanent|employee|2011-08-31 13:46:15|u1584|2013-11-19 00:00:00
VD-0040|Brock, Nehru|Inactive|Permanent|employee|2005-08-08 09:37:57|u0371|2007-09-07 00:00:00
VD-0278|Glover, Amos|To Be Archived|Permanent|employee|2014-02-26 13:01:18|u4539|2015-02-02 20:14:02
VD-0085|Ortega, Leroy|To Be Archived|Permanent|employee|2012-03-15 17:49:04|u0371|2015-11-23 00:00:00
VD-0317|Coleman, Nicholas|Inactive|Permanent|employee|2011-06-08 14:48:42|u4539|2014-02-14 00:00:00
VD-0050|Design of the Times|Unapproved|Regular|vendor|2011-02-21 12:15:21|u1584|2011-02-25 00:00:00
VD-0489|Rodriquez, Kibo|To Be Archived|Permanent|employee|2014-01-03 14:47:58|u8049|2016-09-11 22:42:21
VD-0420|Booker, Angela|To Be Archived|Permanent|employee|2012-04-30 13:42:02|u8049|2013-02-25 00:00:00
VD-0169|Vega, Philip|To Be Archived|Permanent|employee|2007-12-18 15:33:20|u4539|2009-03-02 00:00:00
VD-0233|Ray, Merrill|Inactive|Permanent|employee|2004-05-10 10:07:00|u4386|2011-09-14 00:00:00
VD-0571|Mcfadden, Stewart|To Be Archived|Permanent|vendor|2010-08-09 11:25:52|u8049|2011-04-21 00:00:00
VD-0311|Christian, Velma|To Be Archived|Permanent|employee|2015-01-27 14:12:10|u4539|2015-07-27 20:06:14
VD-0516|Lifetime Time|To Be Archived|Regular|vendor|2011-03-22 13:35:57|u1584|2013-11-04 00:00:00
VD-0460|Technohabitat|Inactive|Regular|vendor|2011-05-26 14:30:43|u1584|2014-03-20 00:00:00
VD-0518|Bullock, Kylan|To Be Archived|Permanent|employee|2013-03-06 10:48:00|u8204|2015-11-10 00:00:00
VD-0481|Lowe, Kristen|Inactive|Permanent|employee|2007-12-19 11:51:00|u5119|2011-02-11 00:00:00
VD-0373|Pickett, Ishmael|Inactive|Permanent|employee|2005-05-17 13:55:58|u4539|2016-01-18 00:00:00
VD-0025|Wright, Lysandra|Inactive|Permanent|employee|2009-07-02 16:56:38|u4539|2015-07-09 00:00:00
VD-0006|Pena, Drew|To Be Archived|Permanent|employee|2013-02-06 17:05:32|u1645|2014-04-16 17:37:04
VD-0159|Impulse Time|Approved|Permanent|vendor|2012-11-09 09:10:46|u1645|2012-11-12 00:00:00
VD-0132|Ward, Tad|To Be Archived|Permanent|employee|2014-01-30 12:35:23|u1584|2015-11-30 22:36:37
VD-0580|Walker, Claudia|Approved|Permanent|vendor|2012-06-11 17:01:22|u8295|2012-06-12 00:00:00
VD-0329|Todd, Vladimir|Inactive|Permanent|employee|2011-03-28 15:54:17|u1584|2012-04-27 00:00:00
VD-0480|Morin, Baxter|Inactive|Permanent|employee|2004-01-06 15:00:16|u8204|2012-12-24 00:00:00
VD-0131|Perry, Baker|Inactive|Permanent|employee|2009-07-28 10:58:34|u8049|2012-03-19 00:00:00
VD-0256|Suarez, Vaughan|Inactive|Permanent|employee|2007-01-11 17:16:19|u8204|2009-07-01 00:00:00
VD-0096|Ruiz, Upton|Inactive|Permanent|employee|2012-05-04 13:20:06|u1645|2016-02-29 00:00:00
VD-0215|Yang, Claudia|To Be Archived|Permanent|employee|2015-02-04 12:00:10|u8049|2016-08-12 09:16:34
VD-0300|Parker, Erica|Approved|Permanent|employee|2010-10-06 14:32:15|u8204|2010-10-06 14:32:15
VD-0248|Sellers, Elvis|To Be Archived|Permanent|employee|2013-09-05 15:34:58|u0371|2016-09-15 00:00:00
VD-0444|Kennedy, Gray|To Be Archived|Permanent|employee|2010-07-09 13:51:07|u8204|2011-12-28 13:33:19
VD-0445|Frost, Tatiana|To Be Archived|Permanent|employee|2014-01-30 11:13:04|u1645|2014-04-28 15:44:12
VD-0368|Stark, Alan|Inactive|Permanent|employee|2009-03-16 16:57:08|u8049|2011-07-13 00:00:00
VD-0478|Suburban Time|To Be Archived|Regular|vendor|2013-09-02 17:37:40|u8295|2016-02-29 00:00:00
VD-0477|Bush, Brenden|Inactive|Permanent|employee|2013-10-28 13:48:54|u8049|2015-05-18 00:00:00
VD-0047|Copeland, Camden|Inactive|Permanent|employee|2005-03-03 12:18:00|u4386|2011-01-20 00:00:00
VD-0363|Frost, Maxwell|To Be Archived|Permanent|employee|2014-04-15 11:16:59|u1584|2016-11-08 14:12:52
VD-0574|Tucker, Amos|Approved|Permanent|vendor|2011-03-14 09:32:41|u8049|2011-03-17 00:00:00
VD-0061|Stewart, Odysseus|To Be Archived|Permanent|employee|2013-04-23 12:47:50|u8295|2014-09-30 00:00:00
VD-0295|Holmes, Harding|Approved|Permanent|employee|2007-11-27 12:09:51|u1645|2007-11-27 12:09:51
VD-0334|White, Laurel|Inactive|Permanent|employee|2008-04-29 16:49:28|u1645|2014-10-20 00:00:00
VD-0348|Skinner, Ishmael|Inactive|Permanent|employee|2010-08-16 15:46:31|u1645|2012-12-27 00:00:00
VD-0043|Time  Council|Approved|Permanent|vendor|2008-10-31 09:36:42|u1645|2008-11-03 00:00:00
VD-0106|Paul, Drew|To Be Archived|Permanent|employee|2011-08-19 09:55:38|u8204|2012-10-08 00:00:00
VD-0072|Rocha, Honorato|Inactive|Permanent|employee|2007-01-22 12:12:02|u4539|2013-02-14 00:00:00
VD-0255|Santana, Emmanuel|Inactive|Permanent|employee|2011-04-06 12:37:24|u8049|2014-12-10 00:00:00
VD-0424|Cooper, Bruno|To Be Archived|Permanent|employee|2014-09-01 14:28:33|u1645|2016-07-21 04:45:20
VD-0166|Grant, Lucy|To Be Archived|Permanent|employee|2016-09-16 14:11:33|u1645|2016-11-26 23:34:27
VD-0054|Griffith, Wanda|To Be Archived|Permanent|employee|2016-01-25 13:12:03|u0371|2016-12-05 11:12:06
VD-0431|Navarro, Davis|Inactive|Permanent|employee|2011-09-20 17:39:30|u1584|2013-07-02 00:00:00
VD-0160|Irwin, Ila|To Be Archived|Permanent|employee|2016-02-24 15:41:37|u1645|2016-06-04 03:06:03
VD-0183|Tarantella Time!|To Be Archived|Regular|vendor|2010-10-14 10:10:25|u1645|2013-04-15 00:00:00
VD-0060|Bray, Katell|Inactive|Permanent|employee|2007-08-20 09:17:58|u8204|2012-08-03 00:00:00
VD-0509|Candid Time|Unapproved|Regular|vendor|2014-09-01 12:28:58|u8295|2014-09-04 00:00:00
VD-0347|Sykes, Chancellor|To Be Archived|Permanent|employee|2014-04-03 09:00:29|u0371|2015-07-09 00:00:00
VD-0315|Mcfadden, Gray|Inactive|Permanent|employee|2009-11-12 12:25:58|u8204|2014-05-09 00:00:00
VD-0522|Huber, Brent|To Be Archived|Permanent|employee|2010-12-31 17:07:05|u1584|2012-10-17 00:00:00
VD-0100|Neighborhood Time|Inactive|Regular|vendor|2011-03-21 15:14:38|u8049|2014-01-06 00:00:00
VD-0029|Midnight Time|To Be Archived|Regular|vendor|2011-07-15 09:20:37|u8204|2012-09-20 00:00:00
VD-0019|Battle, Jordan|Approved|Permanent|employee|2008-04-28 13:13:44|u8049|2008-04-28 13:13:44
VD-0303|Oconnor, Clarke|To Be Archived|Permanent|employee|2013-08-28 09:40:05|u8049|2014-10-20 00:00:00
VD-0099|Love, Nola|Inactive|Permanent|employee|2014-03-03 09:21:53|u8295|2015-09-23 00:00:00
VD-0332|Farrell, Fulton|Inactive|Permanent|employee|2010-03-09 12:01:51|u1645|2011-05-13 00:00:00
VD-0068|Furnitech|To Be Archived|Permanent|vendor|2007-10-25 16:19:23|u4539|2008-12-29 00:00:00
VD-0474|Zimmerman, Lillith|To Be Archived|Permanent|employee|2013-02-13 16:29:22|u4539|2014-12-08 10:54:21
VD-0120|Moving with the Times|Unapproved|Regular|vendor|2012-03-28 15:11:35|u8204|2012-04-02 00:00:00
VD-0229|Technology Wizard|Approved|Permanent|vendor|2012-10-10 11:17:41|u1645|2012-10-15 00:00:00
VD-0247|Thornton, Ivan|To Be Archived|Permanent|employee|2010-12-30 10:43:53|u8049|2012-12-19 00:00:00
VD-0230|Berger, Akeem|To Be Archived|Permanent|employee|2013-03-25 17:36:24|u8295|2016-02-18 00:00:00
VD-0397|Kongle|To Be Archived|Regular|vendor|2008-12-09 10:32:42|u8204|2010-05-17 00:00:00
VD-0038|Gardner, Rafael|Inactive|Permanent|employee|2010-12-14 13:04:51|u4539|2015-10-07 00:00:00
VD-0429|Zimmerman, Cullen|To Be Archived|Permanent|employee|2016-03-02 16:17:49|u8204|2016-07-27 10:15:03
VD-0098|Gill, Michael|To Be Archived|Permanent|employee|2016-01-22 15:48:19|u8204|2016-06-18 03:10:04
VD-0103|Alexander, Berk|Inactive|Permanent|employee|2010-07-06 15:15:00|u4386|2015-04-17 00:00:00
VD-0473|Time  Custom|To Be Archived|Regular|vendor|2009-05-25 15:11:29|u8204|2010-12-27 00:00:00
VD-0261|Northwest Time|Unapproved|Regular|vendor|2011-07-19 11:54:43|u1584|2011-07-20 00:00:00
VD-0487|Barton, Clarke|To Be Archived|Permanent|employee|2014-01-28 09:12:55|u8295|2014-05-08 00:00:00
VD-0479|Spencer, Shea|To Be Archived|Permanent|employee|2016-09-01 11:03:12|u0371|2016-09-21 01:33:01
VD-0034|Downs, Len|To Be Archived|Permanent|employee|2016-06-14 11:06:34|u4539|2016-08-13 11:10:18
VD-0084|Calhoun, Kiayada|Inactive|Permanent|employee|2006-08-29 15:43:00|u4386|2010-01-04 00:00:00
VD-0490|Mccarty, Hedley|Inactive|Permanent|employee|2011-04-05 09:42:40|u0371|2011-06-07 00:00:00
VD-0559|Waller, Lionel|To Be Archived|Permanent|employee|2012-10-12 10:18:35|u8204|2015-06-14 01:27:18
VD-0437|Hall, Jelani|Inactive|Permanent|employee|2010-06-03 14:28:41|u0371|2016-06-03 00:00:00
VD-0117|Fernandez, Gary|To Be Archived|Permanent|employee|2016-08-04 11:10:59|u8204|2016-09-13 17:51:16
VD-0087|Triad Time|Unapproved|Regular|vendor|2011-06-21 15:32:06|u1584|2011-06-23 00:00:00
VD-0225|Mack, Nyssa|Inactive|Permanent|employee|2002-07-01 11:30:00|u4386|2008-08-11 00:00:00
VD-0105|Robbins, Gillian|To Be Archived|Permanent|employee|2006-06-08 16:36:21|u0371|2007-06-06 00:00:00
VD-0281|Rocha, Graham|Inactive|Permanent|employee|2013-05-30 14:19:00|u1645|2016-03-22 00:00:00
VD-0494|Serrano, Sara|To Be Archived|Permanent|employee|2010-01-07 17:34:10|u8204|2012-10-23 00:00:00
VD-0364|Anthony, Roary|To Be Archived|Permanent|employee|2014-09-12 15:50:15|u8049|2016-05-30 00:00:00
VD-0033|Lynn, Maris|To Be Archived|Permanent|employee|2013-07-23 15:08:29|u8204|2016-03-30 00:00:00
VD-0390|Burch, Shaine|To Be Archived|Permanent|employee|2008-12-10 10:16:13|u8049|2011-09-19 00:00:00
VD-0579|Harper, Clementine|To Be Archived|Regular|vendor|2012-11-26 14:48:28|u8295|2013-08-23 00:00:00
VD-0307|Gibbs, Wyatt|To Be Archived|Permanent|employee|2011-05-23 10:05:11|u8204|2011-12-07 09:30:56
VD-0070|Clayton, Richard|Inactive|Permanent|employee|2010-05-10 14:34:50|u4539|2012-06-13 00:00:00
VD-0558|Huffman, Coby|Inactive|Permanent|employee|2015-04-27 16:23:49|u8049|2015-06-18 00:00:00
VD-0227|Sharp, Keane|Inactive|Permanent|employee|2010-05-18 14:39:37|u0371|2014-12-30 00:00:00
VD-0191|Salas, Alexander|Inactive|Permanent|employee|2006-08-16 09:38:00|u5119|2012-09-24 00:00:00
VD-0585|Farrell, Samantha|Approved|Regular|vendor|2011-08-31 11:40:44|u1584|2011-09-05 00:00:00
VD-0077|Real Time Medical|Inactive|Permanent|vendor|2009-09-28 17:49:06|u8204|2011-06-20 00:00:00
VD-0316|Displaytech|Approved|Permanent|vendor|2011-04-18 09:05:40|u1584|2011-04-21 00:00:00
VD-0196|Franklin, Eaton|Inactive|Permanent|employee|2004-12-06 14:47:00|u4386|2013-12-13 00:00:00
VD-0333|Norris, Steel|To Be Archived|Permanent|employee|2014-12-30 13:11:46|u4539|2016-04-27 03:08:46
VD-0210|Sanford, Nash|Inactive|Permanent|employee|2007-10-26 12:51:50|u4539|2015-05-19 00:00:00
VD-0074|Cytrex|Approved|Regular|vendor|2006-02-06 16:52:49|u4539|2006-02-08 00:00:00
VD-0201|Fulton, Bruno|To Be Archived|Permanent|employee|2016-10-25 14:28:50|u8049|2016-11-06 13:58:04
VD-0200|Nationwide Time|Unapproved|Regular|vendor|2008-07-14 15:01:42|u8049|2008-07-16 00:00:00
VD-0282|Vaughn, Ray|To Be Archived|Permanent|employee|2016-04-14 13:06:27|u1584|2016-11-02 06:05:45
VD-0561|Henderson, Lance|Inactive|Permanent|employee|2014-01-27 14:59:42|u8295|2015-10-27 00:00:00
VD-0337|Cooley, Neville|Inactive|Permanent|employee|2005-08-03 11:10:00|u4386|2008-12-05 00:00:00
VD-0101|ColorOptic|Approved|Regular|vendor|2011-11-09 09:50:44|u1645|2011-11-11 00:00:00
VD-0530|Mendez, Benedict|To Be Archived|Permanent|employee|2013-08-28 11:30:18|u1645|2014-09-19 09:18:58
VD-0058|Alvarado, Declan|To Be Archived|Permanent|employee|2006-12-22 17:56:44|u1645|2014-02-16 09:56:10
VD-0239|Contreras, Jayme|To Be Archived|Permanent|employee|2009-09-22 11:33:41|u0371|2013-08-22 17:04:41
VD-0088|Bush, Olivia|Inactive|Permanent|employee|2005-01-03 16:21:12|u1645|2011-06-22 00:00:00
VD-0270|Wiley, Finn|To Be Archived|Permanent|employee|2011-05-30 14:34:57|u1584|2012-08-30 00:00:00
VD-0126|Riddle, Igor|Inactive|Permanent|employee|2011-03-28 14:04:10|u1584|2015-10-01 00:00:00
VD-0503|Noble, Abdul|Inactive|Permanent|employee|2009-07-27 11:13:36|u8049|2011-12-13 00:00:00
VD-0393|Leonard, Camden|To Be Archived|Permanent|employee|2013-06-17 13:52:33|u8049|2015-06-18 00:00:00
VD-0007|Stafford, Lareina|Inactive|Permanent|employee|2008-04-21 14:37:33|u8204|2013-07-05 00:00:00
VD-0046|Sin Thesis|Approved|Regular|vendor|2011-10-19 15:42:06|u8204|2011-10-21 00:00:00
VD-0097|Odom, Chaney|Inactive|Permanent|employee|2002-07-01 13:17:00|u4386|2005-10-20 00:00:00
VD-0082|Mayo, Maxwell|To Be Archived|Permanent|employee|2013-03-14 10:42:35|u4539|2016-06-25 22:36:41
VD-0280|Clarke, Giselle|To Be Archived|Permanent|employee|2012-06-04 13:57:53|u8204|2015-04-14 14:27:14
VD-0452|Techmania|To Be Archived|Regular|vendor|2011-01-07 10:46:42|u1584|2014-03-04 00:00:00
VD-0548|Rasmussen, Wyoming|To Be Archived|Permanent|employee|2015-12-29 16:23:12|u8295|2016-06-06 00:00:00
VD-0011|Simpson, Roth|Inactive|Permanent|employee|2007-09-03 16:23:00|u4386|2011-09-13 00:00:00
VD-0419|Harrison, Chadwick|To Be Archived|Permanent|employee|2014-03-28 16:56:34|u0371|2015-11-26 20:56:35
VD-0379|Popcorn Born|Inactive|Regular|vendor|2014-08-13 16:23:11|u0371|2016-01-11 00:00:00
VD-0299|InTime Learning|Inactive|Permanent|vendor|2005-02-18 11:29:50|u8204|2008-01-15 00:00:00
VD-0151|Bishop, Chancellor|Inactive|Permanent|employee|2014-01-03 11:11:16|u8049|2014-06-06 00:00:00
VD-0551|Norris, Driscoll|To Be Archived|Permanent|employee|2007-11-07 14:29:14|u0371|2008-01-03 00:00:00
VD-0554|OneStop Time|Inactive|Regular|vendor|2014-11-12 09:29:55|u8204|2017-01-01 00:00:00
VD-0235|Hometown Time|To Be Archived|Regular|vendor|2003-01-29 13:13:33|u8204|2004-06-21 00:00:00
VD-0277|Rasmussen, Hadassah|Inactive|Permanent|employee|2008-10-24 12:10:00|u8070|2011-08-19 00:00:00
VD-0044|Watson, Ariana|Inactive|Permanent|employee|2014-05-15 15:56:45|u8204|2015-03-05 00:00:00
VD-0410|Progressive Time|Inactive|Permanent|vendor|2011-01-24 16:20:10|u1645|2013-02-06 00:00:00
VD-0030|Blair, Nash|Inactive|Permanent|employee|2013-09-25 10:59:44|u8049|2015-05-28 00:00:00
VD-0323|Morse, Serena|To Be Archived|Permanent|employee|2011-05-19 14:33:05|u8049|2013-10-29 00:00:00
VD-0122|Viper Time|Inactive|Regular|vendor|2006-09-13 14:20:09|u8204|2007-12-21 00:00:00
VD-0012|BizTech|Inactive|Regular|vendor|2007-12-21 17:41:11|u8204|2008-08-14 00:00:00
VD-0276|Time  Alternative|To Be Archived|Regular|vendor|2011-11-11 14:49:50|u0371|2013-06-13 00:00:00
VD-0016|Cunningham, Vance|Inactive|Permanent|employee|2006-05-08 11:24:20|u4539|2008-10-16 00:00:00
VD-0352|Serrano, Rowan|Approved|Permanent|employee|2012-05-21 17:32:17|u8204|2012-05-21 17:32:17
VD-0405|Sherman, Jada|Inactive|Permanent|employee|2013-10-18 09:16:00|u3290|2014-04-22 00:00:00
VD-0458|Wong, Sydney|Inactive|Permanent|employee|2009-10-19 17:30:37|u1645|2016-04-29 00:00:00
VD-0234|Atkinson, Quemby|To Be Archived|Permanent|employee|2009-12-01 17:45:32|u4539|2015-06-22 21:18:29
VD-0009|Fletcher, Amery|To Be Archived|Permanent|employee|2014-10-20 16:38:36|u1584|2015-06-19 11:13:58
VD-0562|Carson, Aladdin|To Be Archived|Permanent|employee|2014-08-25 17:19:20|u8204|2015-07-21 09:17:49
VD-0441|Keyword Time|To Be Archived|Regular|vendor|2006-12-20 09:25:24|u4539|2008-09-22 00:00:00
VD-0376|Keystone Time|Unapproved|Regular|vendor|2011-10-24 13:42:36|u1584|2011-10-25 00:00:00
VD-0284|FreeTime|Inactive|Regular|vendor|2009-01-19 11:16:40|u0371|2012-02-29 00:00:00
VD-0216|Wilkinson, Rahim|To Be Archived|Permanent|employee|2012-08-13 09:21:37|u1645|2014-01-27 00:00:00
VD-0411|Franco, Gillian|To Be Archived|Permanent|employee|2013-07-16 13:40:26|u8295|2014-04-09 00:00:00
VD-0408|Bond, Oscar|Inactive|Permanent|employee|2002-07-01 14:24:00|u4386|2005-08-05 00:00:00
VD-0115|Fisher, Len|To Be Archived|Permanent|employee|2012-08-15 12:26:06|u4539|2013-08-10 09:29:59
VD-0566|Finley, Vernon|Approved|Permanent|vendor|2006-11-16 13:04:35|u1645|2006-11-20 00:00:00
VD-0037|Sweet, Margaret|To Be Archived|Permanent|employee|2015-06-26 13:57:39|u8049|2017-01-01 00:00:00
VD-0051|Cannon, Magee|Inactive|Permanent|employee|2007-09-10 14:39:00|u9224|2009-10-20 00:00:00
VD-0374|Gillespie, Elijah|To Be Archived|Permanent|employee|2015-01-28 17:38:30|u8204|2015-09-28 09:38:29
VD-0463|Atkins, Damon|Inactive|Permanent|employee|2013-01-22 11:21:17|u8204|2014-01-28 00:00:00
VD-0532|Drake, Burton|Inactive|Permanent|employee|2004-06-16 11:42:13|u8204|2015-11-16 00:00:00
VD-0031|Workman, Elijah|To Be Archived|Permanent|employee|2011-11-09 12:50:53|u1584|2012-09-11 00:00:00
VD-0582|Bernard, Willa|To Be Archived|Permanent|vendor|2014-03-20 14:12:40|u8204|2016-08-25 00:00:00
VD-0528|Reed, Miranda|Inactive|Permanent|employee|2006-01-30 15:09:04|u8204|2011-06-03 00:00:00
VD-0144|Hansen, Sybill|To Be Archived|Permanent|employee|2015-09-03 17:55:59|u0371|2016-04-17 01:05:22
VD-0497|Jefferson, Ferdinand|Inactive|Permanent|employee|2012-07-11 14:48:20|u1645|2016-02-16 00:00:00
VD-0271|Gill, Iris|To Be Archived|Permanent|employee|2016-10-03 14:36:54|u1584|2016-11-27 11:10:36
VD-0197|Meadows, Eaton|Inactive|Permanent|employee|2010-08-12 09:54:54|u4539|2016-01-28 00:00:00
VD-0198|Crane, Fatima|Inactive|Permanent|employee|2007-07-24 17:56:33|u1645|2010-06-17 00:00:00
VD-0313|Sharp, Carl|To Be Archived|Permanent|employee|2016-11-22 16:15:20|u4539|2016-11-26 17:06:26
VD-0148|Sweet, Kirby|Inactive|Permanent|employee|2011-09-30 13:36:54|u1645|2014-09-09 00:00:00
VD-0237|Webb, Sierra|To Be Archived|Permanent|employee|2015-07-10 12:21:54|u4539|2015-07-21 23:59:51
VD-0514|Cunningham, Melanie|Inactive|Permanent|employee|2009-06-15 17:00:07|u8049|2016-10-26 00:00:00
VD-0354|Whitley, Armando|To Be Archived|Permanent|employee|2015-03-30 10:52:16|u0371|2016-02-09 00:00:00
VD-0328|Guzman, Chastity|Inactive|Permanent|employee|2004-11-12 11:19:28|u8204|2012-03-13 00:00:00
VD-0529|Antechnology|To Be Archived|Regular|vendor|2007-10-01 09:21:36|u4539|2008-10-28 00:00:00
VD-0378|Tran, Elijah|To Be Archived|Permanent|employee|2014-01-16 09:22:24|u8204|2017-01-01 00:00:00
VD-0304|Sigh Co.|Approved|Permanent|vendor|2008-02-27 12:16:06|u8049|2008-02-29 00:00:00
VD-0116|Ball, Forrest|To Be Archived|Permanent|employee|2014-08-15 09:41:11|u4539|2015-11-27 14:51:12
VD-0212|Acevedo, Melissa|Inactive|Permanent|employee|2011-05-23 10:33:20|u1584|2013-11-11 00:00:00
VD-0094|Atkinson, Grace|Approved|Permanent|employee|2011-06-28 09:46:12|u1584|2011-06-28 09:46:12
VD-0343|Leonard, Christen|To Be Archived|Permanent|employee|2009-02-27 11:13:03|u0371|2009-05-15 00:00:00
VD-0293|Sweeney, Ivana|Inactive|Permanent|employee|2007-04-10 13:33:48|u1645|2009-07-14 00:00:00
VD-0203|Giles, Alexander|Approved|Permanent|employee|2011-05-05 16:19:17|u1584|2011-05-05 16:19:17
VD-0075|Hanson, Sandra|To Be Archived|Permanent|employee|2012-02-14 13:45:59|u1584|2013-03-05 00:00:00
VD-0552|CranialTech|Approved|Permanent|vendor|2010-11-17 10:18:26|u8049|2010-11-22 00:00:00
VD-0306|Hancock, Silas|To Be Archived|Permanent|employee|2012-09-18 12:33:10|u0371|2014-08-12 23:47:57
VD-0285|Green, Caldwell|To Be Archived|Permanent|employee|2014-09-08 09:49:08|u8049|2017-01-01 00:00:00
VD-0243|Castro, Galena|To Be Archived|Permanent|employee|2006-05-18 09:37:32|u4539|2007-07-20 00:00:00
VD-0081|Wiggins, Samantha|To Be Archived|Permanent|employee|2006-07-03 11:48:06|u4539|2008-11-04 00:00:00
VD-0568|Contreras, Myles|Approved|Permanent|vendor|2015-03-24 13:10:06|u8049|2015-03-27 00:00:00
VD-0447|Blackburn, Vladimir|Inactive|Permanent|employee|2011-07-05 14:37:43|u1584|2012-09-03 00:00:00
VD-0349|Burnett, Zephania|To Be Archived|Permanent|employee|2014-03-07 09:31:00|u8049|2015-03-18 00:00:00
VD-0496|Russell, Madison|To Be Archived|Permanent|employee|2014-05-23 09:56:36|u8204|2015-01-07 15:43:09
VD-0155|Dillon, Bo|To Be Archived|Permanent|employee|2016-09-20 14:25:29|u0371|2016-12-09 16:54:28
VD-0214|Henderson, Reuben|Inactive|Permanent|employee|2011-01-05 13:03:32|u1584|2014-04-16 00:00:00
VD-0010|Justice, Claire|To Be Archived|Permanent|employee|2016-03-21 09:43:34|u1645|2016-12-21 12:08:58
VD-0517|Ball, Gemma|Inactive|Permanent|employee|2006-05-29 13:53:00|u5119|2008-07-18 00:00:00
VD-0055|Ramirez, Montana|Inactive|Permanent|employee|2008-09-04 14:39:56|u8204|2012-10-03 00:00:00
VD-0109|Moody, Amos|To Be Archived|Permanent|employee|2008-10-24 10:55:37|u1645|2010-03-26 14:49:25
VD-0104|Mullins, Jameson|To Be Archived|Permanent|employee|2012-09-19 14:48:58|u1584|2014-11-17 00:00:00
VD-0520|Cote, Benedict|Inactive|Permanent|employee|2011-08-10 13:51:07|u1584|2016-06-03 00:00:00
VD-0423|Nichols, Tobias|Inactive|Permanent|employee|2007-04-10 11:32:40|u4539|2013-12-31 00:00:00
VD-0340|Curry, Oprah|To Be Archived|Permanent|employee|2014-10-28 13:24:38|u0371|2016-11-25 20:52:24
VD-0387|Nelson, Penelope|To Be Archived|Permanent|employee|2016-11-09 10:44:14|u8204|2016-11-18 03:20:27
VD-0455|Conway, Philip|To Be Archived|Permanent|employee|2011-02-09 13:40:37|u4539|2016-06-05 19:33:23
VD-0112|Pattern Time|Unapproved|Regular|vendor|2013-02-04 12:25:37|u8049|2013-02-06 00:00:00
VD-0262|Booker, Catherine|To Be Archived|Permanent|employee|2013-09-03 13:00:00|u8295|2014-04-10 00:00:00
VD-0083|Roberson, Allen|To Be Archived|Permanent|employee|2014-08-12 11:39:28|u8295|2015-10-15 00:00:00
VD-0399|Hahn, Ezra|Inactive|Permanent|employee|2004-01-05 15:03:00|u4386|2007-06-13 00:00:00
VD-0504|Snow, Brody|Inactive|Permanent|employee|2008-04-24 13:22:22|u4539|2013-05-10 00:00:00
VD-0314|Suarez, Moses|Inactive|Permanent|employee|2006-07-05 16:24:00|u4386|2009-12-28 00:00:00
VD-0392|Guzman, Stone|To Be Archived|Permanent|employee|2012-08-07 09:52:52|u1645|2015-07-09 00:00:00
VD-0468|Delacruz, Quin|Inactive|Permanent|employee|2005-05-26 16:16:21|u0371|2015-07-03 00:00:00
VD-0377|Time  Iron|Inactive|Permanent|vendor|2015-05-06 13:07:30|u8049|2016-08-03 00:00:00
VD-0207|Mccarty, Lee|Inactive|Permanent|employee|2010-11-30 13:25:31|u8049|2015-05-18 00:00:00
VD-0095|Webster, Dawn|Inactive|Permanent|employee|2006-08-14 14:32:00|u5119|2010-01-14 00:00:00
VD-0173|enCycle|To Be Archived|Permanent|vendor|2013-11-29 14:12:19|u8049|2014-07-25 00:00:00
VD-0433|Fernandez, Ali|Inactive|Permanent|employee|2002-07-01 13:11:00|u4386|2009-09-07 00:00:00
VD-0124|Patel, Joel|To Be Archived|Permanent|employee|2016-01-04 10:53:27|u1645|2016-02-27 19:54:35
VD-0036|Gordon, Britanney|To Be Archived|Permanent|employee|2014-06-03 14:12:08|u4539|2015-10-23 01:07:17
VD-0253|Sweeney, Coby|To Be Archived|Permanent|employee|2013-04-12 10:37:26|u8295|2015-06-29 00:00:00
VD-0456|Christian, George|Approved|Permanent|employee|2006-12-13 15:51:45|u1645|2006-12-13 15:51:45
VD-0266|Walls, Roary|To Be Archived|Permanent|employee|2014-01-27 16:28:54|u1645|2017-01-01 00:00:00
VD-0142|Saint Time|Inactive|Regular|vendor|2008-05-02 10:22:57|u8049|2011-05-12 00:00:00
VD-0245|Lighthouse Time|Approved|Permanent|vendor|2013-01-03 15:59:34|u8295|2013-01-04 00:00:00
VD-0022|Joyner, Wilma|To Be Archived|Permanent|employee|2008-10-29 15:47:33|u8204|2011-11-06 05:26:25
VD-0217|Stark, Odessa|Inactive|Permanent|employee|2005-04-15 11:14:00|u4386|2010-08-31 00:00:00
VD-0275|Stein, Lacota|Inactive|Permanent|employee|2006-07-21 14:53:34|u4539|2013-08-14 00:00:00
VD-0547|Leonard, Caldwell|Inactive|Permanent|employee|2014-01-27 09:23:06|u1645|2014-04-11 00:00:00
VD-0412|Cohen, Talon|To Be Archived|Permanent|employee|2016-02-24 10:44:52|u1584|2016-07-20 06:58:12
VD-0453|Grant, Freya|To Be Archived|Permanent|employee|2012-12-28 12:21:52|u8204|2016-03-28 01:59:00
VD-0146|Foley, Sydney|Inactive|Permanent|employee|2011-09-22 10:57:54|u1584|2013-02-21 00:00:00
VD-0056|WriteTech|To Be Archived|Regular|vendor|2012-06-21 13:48:57|u8295|2015-05-08 00:00:00
VD-0158|Hobbs, Kirk|To Be Archived|Permanent|employee|2009-02-04 15:10:19|u4539|2012-01-14 04:20:15
VD-0135|Hart, Moana|To Be Archived|Permanent|employee|2013-12-09 15:57:41|u8204|2016-02-27 03:50:48
VD-0241|Molina, Hayes|To Be Archived|Permanent|employee|2011-11-30 17:32:10|u4539|2015-05-26 09:25:27
VD-0028|Rush, Lester|Inactive|Permanent|employee|2009-08-14 10:38:46|u0371|2011-08-19 00:00:00
VD-0287|Shaw, Rahim|Inactive|Permanent|employee|2008-05-05 09:02:00|u4386|2008-11-07 00:00:00
VD-0432|Beyond Time|Approved|Regular|vendor|2005-07-22 14:04:16|u4539|2005-07-25 00:00:00
VD-0324|Hardin, Cameron|Inactive|Permanent|employee|2002-07-01 14:00:00|u4386|2005-09-06 00:00:00
VD-0161|Realtime Time|Inactive|Permanent|vendor|2007-11-05 10:13:28|u1645|2010-01-18 00:00:00
VD-0357|Harding, Lael|To Be Archived|Permanent|employee|2012-06-28 14:20:04|u8049|2014-04-24 00:00:00
VD-0372|Wilcox, Alden|To Be Archived|Permanent|employee|2012-10-01 09:07:37|u4539|2014-02-06 17:19:15
VD-0553|OpenSource Time|To Be Archived|Permanent|vendor|2013-04-02 09:28:07|u0371|2016-08-05 00:00:00
VD-0546|Bradford, Ulric|To Be Archived|Permanent|employee|2014-09-01 16:52:55|u0371|2015-10-14 00:00:00
VD-0089|Levy, Harrison|Inactive|Permanent|employee|2013-07-29 14:50:49|u8295|2015-05-15 00:00:00
VD-0322|Goodman, Camden|To Be Archived|Permanent|employee|2014-11-04 16:58:56|u8295|2015-08-10 00:00:00
VD-0184|Wilkinson, Stone|To Be Archived|Permanent|employee|2014-02-27 11:55:55|u8204|2016-03-07 00:00:00
VD-0048|Jacobs, Marvin|Inactive|Permanent|employee|2002-07-01 16:51:00|u4386|2009-10-30 00:00:00
VD-0302|Time  Urban|Inactive|Regular|vendor|2011-10-31 09:04:24|u8204|2014-10-21 00:00:00
VD-0090|Bowman, Phillip|To Be Archived|Permanent|employee|2013-12-06 12:11:36|u1645|2016-01-22 16:25:42
VD-0024|Brennan, August|To Be Archived|Permanent|employee|2013-11-15 16:29:28|u8295|2015-06-22 00:00:00
VD-0152|Tuliptime Tunefest|Unapproved|Regular|vendor|2005-11-29 09:12:24|u4539|2005-12-01 00:00:00
VD-0417|Santana, Sawyer|To Be Archived|Permanent|employee|2015-06-03 14:58:15|u0371|2015-10-28 00:00:00
VD-0021|Anderson, Deacon|Inactive|Permanent|employee|2007-11-12 12:45:19|u4539|2011-11-22 00:00:00
VD-0414|Velazquez, Fulton|To Be Archived|Permanent|employee|2016-10-17 14:30:08|u4539|2016-11-21 23:37:17
VD-0188|Delacruz, Yael|Inactive|Permanent|employee|2007-06-07 16:57:17|u4539|2016-01-28 00:00:00
VD-0185|Time  Nano|Approved|Permanent|vendor|2011-05-06 17:21:41|u1584|2011-05-09 00:00:00
VD-0545|Prism Time|To Be Archived|Permanent|vendor|2013-02-18 13:33:52|u8049|2016-04-06 00:00:00
VD-0425|Madden, Dale|Inactive|Permanent|employee|2011-10-19 14:10:48|u0371|2016-07-18 00:00:00
VD-0153|French, Colt|To Be Archived|Permanent|employee|2015-01-14 09:46:19|u8295|2017-01-01 00:00:00
VD-0312|Mayo, Octavia|To Be Archived|Permanent|employee|2013-07-11 09:14:10|u8295|2015-08-11 00:00:00
VD-0394|Miles, Desirae|To Be Archived|Permanent|employee|2016-08-17 13:01:49|u1584|2016-11-28 18:00:15
VD-0130|Woodard, Alana|Inactive|Permanent|employee|2008-09-09 16:44:31|u1645|2014-12-11 00:00:00
VD-0413|Pollard, Len|To Be Archived|Permanent|employee|2013-06-11 12:34:15|u4539|2014-08-05 11:55:34
VD-0178|Downs, Herrod|To Be Archived|Permanent|employee|2011-03-23 13:39:37|u1584|2012-10-01 00:00:00
VD-0540|Hooper, Hunter|To Be Archived|Permanent|employee|2012-07-09 12:15:51|u1645|2015-05-22 19:10:54
VD-0464|George, Bruce|Inactive|Permanent|employee|2005-03-29 09:39:44|u8204|2016-05-18 00:00:00
VD-0213|Dixon, Stephanie|Inactive|Permanent|employee|2006-09-22 15:57:00|u5119|2009-06-18 00:00:00
VD-0041|Bolton, Penelope|Inactive|Permanent|employee|2007-08-16 10:13:58|u4539|2014-10-27 00:00:00
VD-0434|Ultrimax|Approved|Regular|vendor|2012-05-23 14:06:29|u8295|2012-05-25 00:00:00
VD-0170|Roy, Ruth|Inactive|Permanent|employee|2004-10-12 10:19:00|u4386|2008-12-29 00:00:00
VD-0129|Barlow, Bruce|To Be Archived|Permanent|employee|2011-05-18 13:25:34|u8204|2013-06-18 09:37:40
VD-0389|Gilliam, Chelsea|To Be Archived|Permanent|employee|2014-03-21 15:01:20|u8295|2016-08-29 00:00:00
VD-0527|Comet Time|To Be Archived|Regular|vendor|2006-05-22 16:10:05|u4539|2009-06-04 00:00:00
VD-0202|Green, Angelica|To Be Archived|Permanent|employee|2012-07-18 12:22:06|u0371|2013-02-15 00:00:00
VD-0163|Young, Adrian|Inactive|Permanent|employee|2007-11-29 12:35:58|u4539|2011-04-05 00:00:00
VD-0541|Wolf, Martina|To Be Archived|Permanent|employee|2013-10-22 13:45:57|u1645|2014-09-06 05:25:33
VD-0283|Snow, Maggie|To Be Archived|Permanent|employee|2016-09-15 14:56:26|u8049|2016-09-25 10:22:11
VD-0462|Manning, Risa|To Be Archived|Permanent|employee|2015-11-23 16:16:18|u1584|2016-03-11 22:46:14
VD-0584|Ortega, Ivy|Approved|Permanent|vendor|2007-08-31 15:33:39|u1645|2007-09-04 00:00:00
VD-0023|Vibrant Time|Unapproved|Regular|vendor|2012-02-13 12:35:29|u8049|2012-02-15 00:00:00
VD-0020|Blair, Dahlia|Inactive|Permanent|employee|2006-08-17 14:22:00|u4386|2013-10-15 00:00:00
VD-0567|Blanchard, Hammett|Approved|Regular|vendor|2010-12-24 16:38:21|u0371|2010-12-27 00:00:00
VD-0402|Coleman, Evan|To Be Archived|Permanent|employee|2006-02-20 17:08:13|u8204|2008-05-30 00:00:00
VD-0563|Sullivan, Evan|Inactive|Permanent|employee|2014-09-24 13:52:05|u8295|2016-10-04 00:00:00
VD-0360|Payne, Henry|To Be Archived|Permanent|employee|2016-01-13 09:39:25|u1645|2016-06-28 12:51:48
VD-0502|Black, Brennan|Inactive|Permanent|employee|2014-03-11 11:43:30|u8204|2015-12-18 00:00:00
VD-0449|Oscilloquartz|active|Regular|vendor|2015-01-30 22:58:32|u8284|2015-01-30 22:58:32
VD-0421|Hunter, Tad|To Be Archived|Permanent|employee|2010-11-12 16:14:08|u1584|2013-03-21 00:00:00
VD-0451|Hays, Samson|Approved|Permanent|employee|2005-03-07 09:07:00|u4386|2005-03-07 09:07:00
VD-0409|Duran, Ashely|Inactive|Permanent|employee|2013-03-04 13:17:14|u8295|2013-09-11 00:00:00
VD-0218|Pierce, Yoshio|Inactive|Permanent|employee|2006-11-27 16:21:46|u4539|2013-04-10 00:00:00
VD-0438|Sparks, Asher|To Be Archived|Permanent|employee|2009-05-22 13:48:41|u8204|2015-01-29 14:39:32
VD-0430|Gilbert, Chava|To Be Archived|Permanent|employee|2015-11-04 15:09:04|u8049|2016-11-22 00:00:00
VD-0118|Graves, Carl|To Be Archived|Permanent|employee|2009-03-12 15:48:41|u8204|2011-10-10 13:14:47
VD-0345|Cortez, Quinlan|To Be Archived|Permanent|employee|2015-02-16 09:59:06|u8204|2015-11-13 00:00:00
VD-0008|Workman, Cara|Inactive|Permanent|employee|2006-07-18 09:51:52|u4539|2012-02-15 00:00:00
VD-0137|Harrison, Kadeem|To Be Archived|Permanent|employee|2015-03-25 09:34:39|u0371|2015-07-15 21:58:33
VD-0298|Murphy, Nissim|Inactive|Permanent|employee|2006-03-16 14:11:00|u4386|2010-05-03 00:00:00
VD-0383|Phelps, Calvin|To Be Archived|Permanent|employee|2014-02-05 14:35:32|u8295|2016-11-07 00:00:00
VD-0164|Lewis, Levi|Inactive|Permanent|employee|2012-02-06 10:42:52|u0371|2015-07-21 00:00:00
VD-0205|Holcomb, Serina|To Be Archived|Permanent|employee|2014-05-13 15:13:24|u4539|2016-08-28 13:47:39
VD-0386|Berg, Stone|To Be Archived|Permanent|employee|2016-03-29 09:22:42|u1645|2016-11-13 18:53:52
VD-0073|Tucker, Carly|To Be Archived|Permanent|employee|2013-08-07 12:07:55|u8204|2016-03-27 07:31:31
VD-0572|Era Watch Company|active|Regular|vendor|2015-03-17 22:49:32|u8284|2015-03-17 22:49:32
VD-0442|Oliver, Martina|Inactive|Permanent|employee|2010-09-15 14:27:58|u8204|2016-03-08 00:00:00
VD-0454|Frederick, Wallace|To Be Archived|Permanent|employee|2015-04-17 09:34:28|u8295|2015-05-28 11:21:51
VD-0515|Nixon, Aurelia|To Be Archived|Permanent|employee|2015-11-05 11:30:48|u0371|2016-08-16 19:25:58
VD-0321|Wagner, Eleanor|Inactive|Permanent|employee|2011-04-08 11:56:25|u1584|2015-02-13 00:00:00
VD-0512|Jones, Wylie|To Be Archived|Permanent|employee|2011-09-15 16:24:25|u1584|2012-05-11 00:00:00
VD-0157|Juarez, Sharon|Inactive|Permanent|employee|2010-10-04 15:51:21|u8049|2014-10-02 00:00:00
VD-0492|Nolan, Murphy|To Be Archived|Permanent|employee|2009-10-28 12:56:07|u8204|2011-09-21 00:58:07
VD-0039|Townsend, Clayton|Inactive|Permanent|employee|2009-04-07 11:23:03|u8049|2013-05-27 00:00:00
VD-0318|Craft, Hamilton|To Be Archived|Permanent|employee|2011-01-07 17:04:55|u1645|2013-04-08 20:24:46
VD-0519|Raymond, Martha|To Be Archived|Permanent|employee|2015-10-06 10:51:43|u8049|2016-02-10 00:00:00
VD-0380|Cornerstone Time|Approved|Permanent|vendor|2012-12-17 15:42:48|u8049|2012-12-18 00:00:00
VD-0511|Reilly, Lysandra|Inactive|Permanent|employee|2010-05-28 11:20:22|u8049|2014-08-11 00:00:00
VD-0565|Smith, John|Inactive|Permanent|employee|2016-01-25 14:01:07|u8049|2016-11-21 00:00:00
VD-0353|Rivas, Karly|To Be Archived|Permanent|employee|2012-04-23 14:48:39|u1645|2015-08-05 00:00:00
VD-0228|Fuentes, Valentine|Inactive|Permanent|employee|2008-01-03 14:11:00|u9224|2015-01-06 00:00:00
VD-0407|Plasma Time|Approved|Regular|vendor|2011-10-17 16:04:13|u0371|2011-10-20 00:00:00
VD-0569|Hines, Richard|Approved|Permanent|vendor|2011-07-22 17:47:01|u1645|2011-07-25 00:00:00
VD-0500|Americas Time|Unapproved|Regular|vendor|2011-03-28 14:07:08|u1584|2011-04-01 00:00:00
VD-0525|Hoffman, Orla|Inactive|Permanent|employee|2009-03-16 16:30:29|u8204|2016-07-19 00:00:00
VD-0457|Beach, Sydney|To Be Archived|Permanent|employee|2011-06-22 11:01:48|u8049|2015-12-26 15:43:57
VD-0069|Schwartz, Forrest|Inactive|Permanent|employee|2009-12-21 09:13:00|u5119|2012-08-22 00:00:00
VD-0543|Callahan, Brian|To Be Archived|Permanent|employee|2014-02-07 10:19:20|u8295|2016-03-21 00:00:00
VD-0575|Holland, Ray|To Be Archived|Permanent|vendor|2011-07-25 11:37:23|u1584|2012-10-29 00:00:00
VD-0291|Tucker, Griffin|To Be Archived|Permanent|employee|2009-04-28 12:09:44|u1645|2012-04-01 15:28:11
VD-0542|Mclaughlin, Hyatt|Inactive|Permanent|employee|2011-08-15 17:02:44|u1584|2015-10-14 00:00:00
VD-0549|Luna, Oleg|Inactive|Permanent|employee|2008-08-15 17:02:01|u8204|2011-10-06 00:00:00
VD-0064|Burton, Ryder|Inactive|Permanent|employee|2010-11-24 10:43:53|u1584|2013-04-25 00:00:00
VD-0403|Mcconnell, Kyla|Inactive|Permanent|employee|2009-04-14 13:40:41|u4539|2012-01-20 00:00:00
VD-0539|Cantu, Harper|Inactive|Permanent|employee|2007-09-03 12:19:47|u4539|2008-10-03 00:00:00
VD-0108|Turnkey Time|Approved|Regular|vendor|2007-11-14 13:38:17|u1645|2007-11-19 00:00:00
VD-0209|Owens, Nero|Inactive|Permanent|employee|2011-07-15 16:14:08|u1645|2016-05-23 00:00:00
VD-0491|Gould, Randall|To Be Archived|Permanent|employee|2014-09-23 10:41:30|u8295|2016-06-27 00:00:00
VD-0066|Wynn, Idona|Inactive|Permanent|employee|2014-04-03 17:24:35|u8049|2015-11-20 00:00:00
VD-0260|Day, Magee|Inactive|Permanent|employee|2008-06-17 15:53:00|u9224|2011-05-09 00:00:00
VD-0406|Pinpoint Matrix Systems|Approved|Regular|vendor|2011-10-10 11:59:19|u1584|2011-10-13 00:00:00
VD-0320|Morales, Demetrius|Inactive|Permanent|employee|2011-11-30 09:03:07|u1584|2016-04-28 00:00:00
VD-0182|Herring, Kaseem|To Be Archived|Permanent|employee|2014-05-27 15:02:59|u1584|2014-08-25 00:00:00
VD-0119|Cooley, Aristotle|Inactive|Permanent|employee|2014-05-07 12:09:15|u0371|2016-01-27 00:00:00
VD-0371|Richards, Ivy|Inactive|Permanent|employee|2002-07-01 13:11:00|u4386|2009-10-06 00:00:00
VD-0186|Specialty Time|To Be Archived|Permanent|vendor|2009-11-16 12:40:36|u0371|2010-04-15 00:00:00
VD-0003|Higgins, Orli|Inactive|Permanent|employee|2009-09-28 15:42:52|u8049|2014-02-25 00:00:00
VD-0381|Harris, Elvis|To Be Archived|Permanent|employee|2011-09-12 14:24:16|u1584|2013-02-18 00:00:00
VD-0533|Padilla, Fuller|To Be Archived|Permanent|employee|2013-09-18 13:30:18|u8295|2016-02-01 00:00:00
VD-0339|Drake, Hillary|To Be Archived|Permanent|employee|2012-04-30 11:55:44|u1584|2012-10-05 00:00:00
VD-0236|Curry, William|To Be Archived|Permanent|employee|2014-04-28 15:28:03|u1584|2016-04-21 16:21:04
VD-0221|Wise, Bradley|To Be Archived|Permanent|employee|2010-12-06 14:02:08|u8204|2013-11-15 19:07:33
VD-0133|Beach, Leah|To Be Archived|Permanent|employee|2009-03-02 15:32:37|u8204|2013-03-31 07:15:00
VD-0523|Frederick, Rhona|Inactive|Permanent|employee|2007-06-13 11:30:12|u4539|2008-03-17 00:00:00
VD-0469|Duffy, Tanner|Inactive|Permanent|employee|2005-08-12 12:25:00|u4386|2008-06-06 00:00:00
VD-0535|Wooten, Melissa|To Be Archived|Permanent|employee|2014-12-08 11:04:39|u1584|2016-08-23 10:58:11
VD-0080|Hull, Brendan|To Be Archived|Permanent|employee|2010-07-27 16:56:59|u4539|2016-10-01 02:03:13
VD-0342|Method Time|Inactive|Regular|vendor|2005-09-19 15:34:44|u4539|2007-01-22 00:00:00
VD-0581|Wells, Julie|Approved|Regular|vendor|2010-05-25 11:46:02|u1645|2010-05-27 00:00:00
VD-0078|Armstrong, Anne|To Be Archived|Permanent|employee|2014-09-03 12:48:18|u4539|2015-04-12 22:54:40
VD-0193|York, Jade|To Be Archived|Permanent|employee|2013-12-31 11:04:46|u0371|2016-07-30 07:17:41
VD-0536|Sign of the Times Advertising Agency|To Be Archived|Regular|vendor|2015-10-05 15:12:25|u8049|2016-11-09 00:00:00
VD-0443|Mann, Dane|Inactive|Permanent|employee|2010-09-20 12:11:31|u1645|2015-10-16 00:00:00
VD-0093|Lott, Dale|To Be Archived|Permanent|employee|2016-03-07 09:59:58|u1645|2016-12-03 11:30:59
VD-0344|Osborn, Michael|To Be Archived|Permanent|employee|2013-06-05 13:13:33|u8204|2013-10-21 08:40:47
VD-0461|Zentime|Inactive|Permanent|vendor|2016-01-21 16:23:09|u8049|2016-03-15 00:00:00
VD-0325|Merrill, Forrest|To Be Archived|Permanent|employee|2015-04-07 11:20:01|u0371|2015-06-02 05:12:25
VD-0231|RedHot Time|Approved|Regular|vendor|2010-03-23 11:23:50|u8204|2010-03-25 00:00:00
VD-0250|Conrad, Alfonso|To Be Archived|Permanent|employee|2009-06-15 12:17:40|u0371|2012-06-01 00:00:00
VD-0121|Norris, Jakeem|Inactive|Permanent|employee|2010-09-06 15:00:01|u1645|2016-09-26 00:00:00
VD-0246|Time  Mafia|Inactive|Permanent|vendor|2010-02-02 11:48:10|u8049|2011-05-20 00:00:00
VD-0026|Spare Time|Approved|Regular|vendor|2011-06-14 09:23:06|u1584|2011-06-17 00:00:00
VD-0577|Cooper, Yardley|Approved|Permanent|vendor|2007-05-31 13:24:45|u4539|2007-06-01 00:00:00
VD-0482|Ferguson, Ciaran|To Be Archived|Permanent|employee|2012-09-14 13:50:52|u8295|2013-02-05 00:00:00
VD-0538|Cannon, Carly|To Be Archived|Permanent|employee|2013-08-28 09:49:43|u1645|2014-07-20 14:24:10
VD-0125|Valent Technologies|Inactive|Permanent|vendor|2014-11-17 12:47:23|u8204|2016-12-19 00:00:00
VD-0015|Ashley, Kermit|To Be Archived|Permanent|employee|2013-07-08 16:54:40|u8295|2015-07-21 00:00:00
VD-0017|Sykes, Edan|Inactive|Permanent|employee|2007-07-09 14:15:58|u4539|2016-09-15 00:00:00
VD-0296|Whitaker, Anastasia|Inactive|Permanent|employee|2011-03-17 12:34:38|u1584|2016-04-01 00:00:00
VD-0156|Sampson, Kylynn|Inactive|Permanent|employee|2004-08-02 15:45:00|u4386|2007-05-02 00:00:00
VD-0560|Vance, Buckminster|To Be Archived|Permanent|employee|2014-09-11 13:04:23|u8204|2015-07-13 00:00:00
VD-0446|Techade|Unapproved|Regular|vendor|2008-02-11 09:06:41|u8049|2008-02-14 00:00:00
VD-0513|Hourglass Etching|To Be Archived|Regular|vendor|2007-12-03 14:25:20|u4539|2010-03-02 00:00:00
VD-0506|Padilla, Lucy|To Be Archived|Permanent|employee|2016-02-03 16:22:37|u1584|2016-03-05 17:37:51
VD-0427|Duke, Naomi|To Be Archived|Permanent|employee|2015-03-06 09:00:06|u8295|2016-05-10 08:29:47
VD-0564|Cascade Time|To Be Archived|Regular|vendor|2010-01-25 14:12:17|u0371|2011-08-26 00:00:00
VD-0279|Semantic Time|Unapproved|Regular|vendor|2015-03-16 13:57:29|u8204|2015-03-17 00:00:00
VD-0290|IdiTech|Inactive|Regular|vendor|2007-04-27 14:01:21|u4539|2008-07-07 00:00:00
VD-0375|Pinnacle Time|Approved|Permanent|vendor|2006-06-12 14:47:16|u4539|2006-06-14 00:00:00
VD-0484|Buckley, Wylie|To Be Archived|Permanent|employee|2015-02-06 10:10:01|u4539|2015-06-28 01:09:08
VD-0336|York, Ruby|Inactive|Permanent|employee|2010-08-09 10:45:11|u1645|2014-02-24 00:00:00
VD-0272|Just Time|Inactive|Regular|vendor|2013-07-19 16:38:27|u8295|2016-06-29 00:00:00
VD-0544|Klein, Wing|To Be Archived|Permanent|employee|2015-03-12 16:02:04|u4539|2016-03-08 21:09:28
VD-0062|Delaney, Ila|Inactive|Permanent|employee|2011-01-03 14:01:59|u8049|2016-09-16 00:00:00
VD-0174|Patel, Zane|To Be Archived|Permanent|employee|2014-05-12 17:37:14|u8049|2015-11-29 16:01:34
VD-0439|Lawrence, Vladimir|Inactive|Permanent|employee|2014-09-01 11:56:45|u8295|2015-11-13 00:00:00
VD-0570|Tucker, Steel|Approved|Permanent|vendor|2011-11-09 09:15:58|u1584|2011-11-10 00:00:00
VD-0013|Lara, Aladdin|Inactive|Permanent|employee|2005-08-15 13:19:22|u4539|2011-02-08 00:00:00
VD-0065|Morse, Carolyn|To Be Archived|Permanent|employee|2015-04-09 12:23:53|u8204|2015-09-22 13:03:28
VD-0366|Nikuda|Approved|Permanent|vendor|2013-03-26 10:19:16|u8295|2013-03-27 00:00:00
VD-0493|Roth, Kaseem|To Be Archived|Permanent|employee|2011-06-29 14:11:06|u1584|2013-07-01 00:00:00
VD-0254|Genmex|Inactive|Regular|vendor|2013-10-24 17:52:47|u8295|2015-01-12 00:00:00
VD-0391|Burt, Plato|To Be Archived|Permanent|employee|2014-01-06 12:17:03|u8049|2015-07-29 00:00:00
VD-0211|Guthrie, Jonah|Inactive|Permanent|employee|2005-05-19 10:48:45|u4539|2011-05-30 00:00:00
VD-0195|Oneil, Dane|Inactive|Permanent|employee|2002-07-01 16:46:00|u4386|2009-08-20 00:00:00
VD-0172|Ebony Time|Inactive|Regular|vendor|2011-09-05 17:24:44|u1584|2013-03-11 00:00:00
VD-0140|Mccray, Stephen|Inactive|Permanent|employee|2002-12-27 13:03:15|u8204|2012-06-12 00:00:00
VD-0416|Fischer, Sarah|Inactive|Permanent|employee|2004-06-29 15:09:00|u4386|2009-02-05 00:00:00
VD-0032|Lynn, Amery|To Be Archived|Permanent|employee|2016-04-04 09:03:20|u8204|2016-06-19 11:07:30
VD-0426|Pierce, Oscar|To Be Archived|Permanent|employee|2011-10-24 14:06:52|u1645|2012-09-11 00:00:00
VD-0583|Romero, Lillith|Approved|Permanent|vendor|2005-03-07 09:31:36|u4539|2005-03-11 00:00:00
VD-0018|Yang, Lucius|Inactive|Permanent|employee|2011-01-27 13:44:25|u1584|2016-04-11 00:00:00
VD-0057|Spacewax|Inactive|Regular|vendor|2009-10-01 13:54:03|u0371|2011-01-10 00:00:00
VD-0111|Crawford, Carson|Inactive|Permanent|employee|2009-05-14 16:58:41|u0371|2013-07-29 00:00:00
VD-0199|Aeora|Unapproved|Regular|vendor|2013-02-21 12:07:14|u8295|2013-02-25 00:00:00
VD-0086|Mcguire, Veronica|To Be Archived|Permanent|employee|2014-07-28 15:47:19|u8049|2017-01-01 00:00:00
VD-0273|Mustang Time|Inactive|Permanent|vendor|2013-03-05 12:15:34|u8295|2015-10-19 00:00:00
VD-0400|Bates, Josiah|To Be Archived|Permanent|employee|2014-09-08 09:22:46|u1584|2016-10-18 14:44:52
VD-0305|Mcclain, Elmo|To Be Archived|Permanent|employee|2012-07-18 12:39:43|u8204|2016-04-18 08:21:30
VD-0123|Pugh, Amal|Inactive|Permanent|employee|2004-05-26 10:13:00|u4386|2009-03-11 00:00:00
VD-0576|Strickland, Leroy|Approved|Permanent|vendor|2015-11-18 16:53:13|u8049|2015-11-20 00:00:00
VD-0167|Mack, Calvin|Inactive|Permanent|employee|2009-05-08 12:56:00|u4539|2014-03-17 00:00:00
VD-0002|Finley, Mechelle|Inactive|Permanent|employee|2009-02-25 12:08:40|u4539|2015-02-25 00:00:00
VD-0365|Bean, Hector|Inactive|Permanent|employee|2012-03-28 17:51:51|u8049|2016-06-15 00:00:00
VD-0249|Woodard, Madeline|To Be Archived|Permanent|employee|2011-02-17 12:43:09|u1584|2012-11-12 00:00:00
VD-0059|Platform Time|Inactive|Regular|vendor|2005-09-28 16:27:19|u1645|2007-06-11 00:00:00
VD-0588|One time Vendor generic account|Approved|Permanent|vendor|2002-07-02 17:08:40|u8204|2002-07-02 00:00:00
VD-0495|Shield Time|Unapproved|Regular|vendor|2011-02-21 17:11:07|u1584|2011-02-24 00:00:00
VD-0267|Thomas, Phelan|To Be Archived|Permanent|employee|2012-08-15 12:51:47|u1645|2013-11-05 00:00:00
VD-0049|Bonner, Berk|Inactive|Permanent|employee|2012-12-19 09:18:45|u8295|2014-01-03 00:00:00
VD-0045|Burris, Anthony|Inactive|Permanent|employee|2013-12-23 12:51:48|u8049|2014-02-17 00:00:00
VD-0346|Skinner, Solomon|To Be Archived|Permanent|employee|2012-01-03 16:55:54|u8204|2012-02-14 00:00:00
VD-0187|Bernard, Justin|To Be Archived|Permanent|employee|2015-06-01 14:00:53|u8204|2016-11-07 00:00:00
VD-0501|Sapphire Time|Unapproved|Regular|vendor|2013-04-22 11:51:26|u0371|2013-04-24 00:00:00
VD-0330|Ancestor Dreamtime|Approved|Permanent|vendor|2008-07-31 10:09:37|u1645|2008-08-04 00:00:00
VD-0204|Morton, Ray|Inactive|Permanent|employee|2008-06-26 16:01:33|u0371|2011-12-15 00:00:00
VD-0499|Sykes, Timothy|To Be Archived|Permanent|employee|2011-09-02 15:51:12|u1645|2014-07-24 00:00:00
VD-0076|Swiss Events Rentals|active|Regular|vendor|2015-03-17 23:12:17|u8284|2015-03-17 23:12:17
VD-0259|Phelps, Barbara|To Be Archived|Permanent|employee|2016-01-06 10:37:17|u4539|2016-04-28 08:05:42
VD-0288|Trevino, Mufutau|Inactive|Permanent|employee|2005-10-17 10:04:18|u4539|2008-11-14 00:00:00
VD-0485|Whitaker, Kylynn|Inactive|Permanent|employee|2007-02-19 11:38:18|u4539|2014-10-23 00:00:00
VD-0466|Rasmussen, Robin|Inactive|Permanent|employee|2010-08-30 16:37:56|u8204|2011-03-01 00:00:00
VD-0398|Estes, Basil|To Be Archived|Permanent|employee|2008-11-28 11:43:21|u8204|2010-11-11 00:00:00
VD-0587|Nunez, Ivory|Approved|Permanent|vendor|2012-01-05 16:31:28|u8049|2012-01-09 00:00:00
VD-0223|Burt, Shelly|To Be Archived|Permanent|employee|2015-08-06 15:03:31|u4539|2016-02-12 13:17:53
VD-0370|Flynn, Cecilia|Inactive|Permanent|employee|2014-02-11 13:43:16|u8295|2014-04-25 00:00:00
VD-0428|Mays, Ruby|Inactive|Permanent|employee|2014-06-10 14:00:01|u8295|2015-07-03 00:00:00
VD-0467|Time  North|Unapproved|Regular|vendor|2011-09-16 15:52:14|u1584|2011-09-19 00:00:00
VD-0149|Buckley, Nigel|Inactive|Permanent|employee|2007-11-06 16:30:53|u8204|2014-08-04 00:00:00
VD-0222|Mckee, Harrison|Inactive|Permanent|employee|2012-11-14 15:00:18|u1645|2016-09-07 00:00:00
VD-0367|Pena, Germane|To Be Archived|Permanent|employee|2012-10-30 14:49:04|u1645|2015-07-17 22:56:36
VD-0127|Camacho, Molly|To Be Archived|Permanent|employee|2014-06-30 14:37:07|u8204|2016-06-24 00:00:00
VD-0162|Butler, Vance|To Be Archived|Permanent|employee|2014-01-03 12:44:22|u8295|2014-04-09 00:00:00
VD-0244|Burns, Hilel|Inactive|Permanent|employee|2013-02-08 17:08:23|u8295|2013-04-30 00:00:00
VD-0165|Newman, Gil|Inactive|Permanent|employee|2002-07-01 16:58:00|u4386|2010-03-31 00:00:00
VD-0206|Time  Avatar|Approved|Regular|vendor|2015-11-03 17:05:50|u8049|2015-11-06 00:00:00
VD-0507|Mathews, Murphy|To Be Archived|Permanent|employee|2016-12-23 13:50:13|u1645|2016-12-26 13:24:31
VD-0396|Vang, Ishmael|To Be Archived|Permanent|employee|2015-01-28 10:15:11|u8049|2015-05-12 22:42:07
VD-0550|Weber, Emerald|Inactive|Permanent|employee|2009-11-02 09:07:52|u0371|2013-08-29 00:00:00
VD-0189|Love, Denton|To Be Archived|Permanent|employee|2016-05-26 15:28:07|u8295|2016-06-23 18:45:54
VD-0035|Velocity Time|Approved|Permanent|vendor|2006-02-27 16:07:09|u4539|2006-03-01 00:00:00
VD-0052|Time  Utopia|Approved|Regular|vendor|2014-04-22 10:25:33|u8295|2014-04-24 00:00:00
VD-0001|Blankenship, Violet|Inactive|Permanent|employee|2010-01-12 13:39:50|u8049|2013-01-03 00:00:00
VD-0257|SecondTime|Approved|Permanent|vendor|2013-12-23 16:09:47|u8295|2013-12-27 00:00:00
VD-0362|Salas, Rigel|Inactive|Permanent|employee|2011-08-02 10:39:15|u1584|2012-02-20 00:00:00
